REFERENCE,NIVEAUETUDE
 commerçants et chefs d'entreprise,CEP
UG393,Secondaire Incomplet
DE744,Bac
DJ39,Bac + 3
JI306,CEP
FU200,non renseigné
FA192,Bac
ML533,Certificat d'études
FD237,CEP
JW325,CEP
LD386,Bac + 5 et plus
GJ131,non renseigné
JG258,CEP
NS571,Secondaire Incomplet
 commerçants et chefs d'entreprise,Lycée Incomplet
UQ417,CEP
NV558,Secondaire Incomplet
WL512,CEP
QB100,Bac + 2
UF391,non renseigné
1135,Secondaire Incomplet
XZ501,Secondaire Incomplet
VS466,Lycée Incomplet
1299,Bac + 4
948,CEP
1134,
 commerçants et chefs d'entreprise,Lycée Incomplet
1254,Lycée Incomplet
1268,Bac + 2
4001,Bac
 commerçants et chefs d'entreprise,Secondaire Complet ( brevet des collèges )
BF69,CEP
 commerçants et chefs d'entreprise,CEP
BX11,CEP
 commerçants et chefs d'entreprise,CEP
BU77,Lycée Incomplet
CH28,CEP
CI58,non renseigné
CF4,CEP - CAP
CP7,CEP - CAP
 commerçants et chefs d'entreprise,Secondaire Incomplet
 commerçants et chefs d'entreprise,CEP - CAP
 commerçants et chefs d'entreprise,CEP
 commerçants et chefs d'entreprise,CEP
 commerçants et chefs d'entreprise,CEP
 commerçants et chefs d'entreprise,Bac
DH59,Bac + 5 et plus
DP50,Secondaire Incomplet
DX101,non renseigné
 commerçants et chefs d'entreprise,CEP - CAP
DT78,Secondaire Incomplet
 commerçants et chefs d'entreprise,CEP
HU339,Bac + 3
EM229,CEP
 commerçants et chefs d'entreprise,CEP
 commerçants et chefs d'entreprise,CEP
 commerçants et chefs d'entreprise,Secondaire Complet ( brevet des collèges )
 commerçants et chefs d'entreprise,Bac
 commerçants et chefs d'entreprise,Bac
 commerçants et chefs d'entreprise,CEP
 commerçants et chefs d'entreprise,non renseigné
FZ61,CEP
GE133,Secondaire Incomplet
 commerçants et chefs d'entreprise,Secondaire Complet ( brevet des collèges )
GL142,Secondaire Incomplet
GX120,CEP
HA151,Secondaire Complet ( brevet des collèges )
HN169,Bac + 2
 commerçants et chefs d'entreprise,CEP
IC346,CEP
LS439,Bac + 5 et plus
IG298,Secondaire Complet ( brevet des collèges )
IR293,Lycée Incomplet
IU288,Bac + 2
IZ248,CEP
JO304,Secondaire Complet ( brevet des collèges )
JR327,CEP
JX318,Secondaire Incomplet
 commerçants et chefs d'entreprise,CEP
KO376,Secondaire Incomplet
KH411,Lycée Incomplet
LF468,Bac
MH539,non renseigné
KP392,Bac + 3
MG475,Bac + 2
KT385,CEP
LN438,Primaire
LA366,Bac
MW523,Secondaire Incomplet
MS530,CEP - CAP
MK532,Secondaire Incomplet
MT484,Secondaire Incomplet
PX88,Secondaire Incomplet
NI526,Secondaire Incomplet
MY510,CEP
QC102,CEP - CAP
UH398,CEP
OI587,non renseigné
UU424,Secondaire Complet ( brevet des collèges )
MX492,CEP
QF105,Bac + 2
QG109,Secondaire Incomplet
NA487,non renseigné
VZ486,Secondaire Incomplet
NM476,Primaire
RC196,Bac + 2
RF211,Bac + 4
SD272,Secondaire Incomplet
VA436,CEP
OB557,CEP
OH593,Secondaire Incomplet
 commerçants et chefs d'entreprise,Secondaire Incomplet
SM313,Secondaire Incomplet
PY94,CEP
QW145,Bac
UB381,Secondaire Complet ( brevet des collèges )
VG449,CEP - CAP
RV252,Secondaire Incomplet
SL312,Bac + 2
UN412,Secondaire Complet ( brevet des collèges )
PW85,Secondaire Incomplet
VM456,CEP - CAP
VN457,Secondaire Incomplet
ST326,Bac
WF503,Bac + 4
PF42,CEP
YO241,non renseigné
YD478,Secondaire Incomplet
YT387,Secondaire Incomplet
TN153,Secondaire Incomplet
TS165,Secondaire Complet ( brevet des collèges )
YR399,CEP - CAP
UO414,Secondaire Incomplet
ZD585,Secondaire Incomplet
VL455,Secondaire Incomplet
4002,non renseigné
8EX,non renseigné
12EX,Bac + 5 et plus
VU469,Secondaire Incomplet
WS529,Secondaire Incomplet
9EX,non renseigné
 commerçants et chefs d'entreprise,non renseigné
2EX,non renseigné
YP371,Secondaire Incomplet
1300,Bac + 3
4EX,Lycée Incomplet
5EX,CEP
6EX,Bac + 3
1264,Bac + 3
3EX,non renseigné
4003,Secondaire Incomplet
1277,Bac + 5 et plus
VX479,CEP - CAP
4004,CEP
ZB600,CEP - CAP
701MER,Secondaire Complet ( brevet des collèges )
707MER,Secondaire Incomplet
702PER,non renseigné
708PER,
703MER,
705MER,
704MER,CEP
709MER,Secondaire Incomplet
710PER,non renseigné
711MER,Certificat d'études
712MER,
713MER,Certificat d'études
716MER,Bac
717MER,
718MER,
720MER,
721PER,CEP
722MER,
DM95,Bac + 5 et plus
241LOC,non renseigné
242LOC,non renseigné
243LOC,non renseigné
309STAN,non renseigné
316STAN,non renseigné
317EMP1,non renseigné
331LOC,non renseigné
318STAN,non renseigné
319STAN,non renseigné
407PERSFEM,non renseigné
360LOC,non renseigné
407PERS,non renseigné
335LOC,non renseigné
361LOC,non renseigné
337STAN,non renseigné
362LOC,non renseigné
338SEC,non renseigné
341SEC,non renseigné
354AGT,non renseigné
342LOC,non renseigné
425PERS,non renseigné
366AGT,non renseigné
343SEC,non renseigné
367STAN,non renseigné
427PERS,non renseigné
370STAN,non renseigné
371STAN,non renseigné
373STAN,non renseigné
349FMG,non renseigné
350LOC,non renseigné
352LOC,non renseigné
353LOC,non renseigné
354LOC,non renseigné
355LOC,non renseigné
401PERS,non renseigné
402PERS,non renseigné
406PERS,non renseigné
298LOC,non renseigné
408PERS,non renseigné
419PERS,non renseigné
409PERS,non renseigné
414PERS,non renseigné
426PERS,non renseigné
416PERS,non renseigné
415PERS,non renseigné
417PERS,non renseigné
420PERS,non renseigné
421PERS,non renseigné
422PERS,non renseigné
423PERS,non renseigné
424PERS,non renseigné
429PERS,non renseigné
437PERS,non renseigné
441PERS,non renseigné
430PERS,non renseigné
435PERS,non renseigné
431PERS,non renseigné
436PERS,non renseigné
439PERS,non renseigné
445PERS,non renseigné
461PERS,non renseigné
440PERS,non renseigné
447PERS,non renseigné
448PERS,non renseigné
448PERS2,non renseigné
449PERS,non renseigné
450PERS,non renseigné
452PERS,non renseigné
451PERS,non renseigné
454PERS,non renseigné
460PERS,non renseigné
453PERS,non renseigné
463PERS,non renseigné
462PERS,non renseigné
519LOC1,non renseigné
516LOC1,non renseigné
543LOC1,non renseigné
555LOC2,non renseigné
555LOC1,non renseigné
723MER,
725MER,Certificat d'études
724PER,
726MER,non renseigné
727MER,non renseigné
730MER,
728PER,
731MER,CEP
732MER,non renseigné
733MER,non renseigné
734MER,non renseigné
735MER,non renseigné
737MER,non renseigné
740PER,
741MER,non renseigné
742SOE,non renseigné
743MER,non renseigné
542LOC1,non renseigné
001LOC1,non renseigné
001LOC2,non renseigné
OU,non renseigné
002INC,non renseigné
JR,non renseigné
RC,non renseigné
PB,non renseigné
006LOC,non renseigné
JK,non renseigné
GJ131FEM,non renseigné
JR258,non renseigné
010LOC,non renseigné
MB,non renseigné
JW325FEM,non renseigné
013INC,non renseigné
BV,non renseigné
014INC,non renseigné
ML533MER,non renseigné
CS,non renseigné
QB100MER,non renseigné
QB100SOE,non renseigné
020INC,non renseigné
MD,non renseigné
WL512MAR,non renseigné
HM,non renseigné
1135ENF,non renseigné
1135FEM,non renseigné
026INC,non renseigné
1254FIE,non renseigné
JSM,non renseigné
948MAR,non renseigné
4001SOE,non renseigné
BB733BMER,non renseigné
BD704FEM,non renseigné
DP,non renseigné
045INC,non renseigné
046INC,non renseigné
047INC1,non renseigné
047INC2,non renseigné
CI58ENF,non renseigné
CO702FEM,non renseigné
NC,non renseigné
CR730FIL,non renseigné
DC738FEM,non renseigné
DX101FIE,non renseigné
062INC,non renseigné
ES187FIE,non renseigné
FH717MER,non renseigné
068INC,non renseigné
069INC,non renseigné
 commerçants et chefs d'entreprise,non renseigné
072INC,non renseigné
FZ61FIL,non renseigné
073INC,non renseigné
GX120MAR,non renseigné
HA151FEM,non renseigné
080INC,non renseigné
HV348FIE,non renseigné
IC346PFIE,non renseigné
IR293FEM,non renseigné
IZ248FIL,non renseigné
IZ248MER,non renseigné
0086TOUS,non renseigné
086INC,non renseigné
086LOC2,non renseigné
JR327FEM,non renseigné
JX318ENF,non renseigné
089INC1,non renseigné
089INC2,non renseigné
089INC3,non renseigné
090INC1,non renseigné
090INC2,non renseigné
092LOC,non renseigné
KP392FEM,Bac + 3
KT385FEM,non renseigné
KT385PFIE,non renseigné
096INC,non renseigné
098INC,non renseigné
MG475FEM,Bac + 2
101INC,non renseigné
MS530MER,CEP
MT484PER,non renseigné
104LOC1,non renseigné
104LOC1?MX492MAR,non renseigné
104LOC2,non renseigné
104LOC2?MX492,non renseigné
MX492?CS,non renseigné
MX492ENF,non renseigné
MX492MAR,CEP
106INC,non renseigné
NA487FIE,non renseigné
107INC,non renseigné
108INC,non renseigné
NM476ENF,non renseigné
NM476FRE,non renseigné
NM476MAR,CEP
OB557FIE,non renseigné
OB557MAR,non renseigné
110INC,non renseigné
110LOC,non renseigné
OH593GRM,non renseigné
OI587FEM,non renseigné
PF42MAR,non renseigné
PW85FEM,non renseigné
PX88MAR,non renseigné
115INC,non renseigné
PY94FIL,non renseigné
QG109FEM,non renseigné
QG109FIE,non renseigné
122INC,non renseigné
AR,non renseigné
RV252FIE,non renseigné
RV252MAR,Bac + 2
RV252PFIE,non renseigné
SD272MAR,non renseigné
AMP,non renseigné
127INC,non renseigné
128INC,non renseigné
TN153AMI,non renseigné
TS165FEM,non renseigné
TS165FIE,non renseigné
TS165PFIE,non renseigné
UB381FEM,non renseigné
133INC,non renseigné
UO414ENF,non renseigné
UO414MAR,Bac
UU424AMI,non renseigné
VG449FEM,non renseigné
VG449FIE,non renseigné
138INC,non renseigné
VL455FIE,CEP - CAP
VL455MAR,non renseigné
VM456MAR,non renseigné
140INC,non renseigné
VX479FEM,non renseigné
VZ486FIE,non renseigné
146INC,non renseigné
YP371FEM,non renseigné
YP371FIE,non renseigné
ZB600ENF,non renseigné
ZB600MAR,non renseigné
152INC,non renseigné
1264ENF,non renseigné
156INC,non renseigné
160INC,non renseigné
4004FEM,non renseigné
163INC,non renseigné
5EXFEM,non renseigné
167INC1,non renseigné
167INC2,non renseigné
 commerçants et chefs d'entreprise,non renseigné
11EXFIE,non renseigné
173INC,non renseigné
201OUV1,non renseigné
201OUV2,non renseigné
BA725FEM,non renseigné
203INC,non renseigné
BA725FIL,non renseigné
204INC,non renseigné
204SEC,non renseigné
206INC1,non renseigné
206INC2,non renseigné
206LOC,non renseigné
DM95FEM,Bac + 4
208INC,non renseigné
211INC,non renseigné
212INC,non renseigné
215INC,non renseigné
223CLI1,non renseigné
223CLI2,non renseigné
223CLI3,non renseigné
223CLI4,non renseigné
224INC,non renseigné
235GAR,non renseigné
235VOI,non renseigné
237INC,non renseigné
238INC,non renseigné
1134FEM,non renseigné
255INC,non renseigné
257INC1,non renseigné
257INC2,non renseigné
407PERSFIE,Primaire
HMM,non renseigné
264INC,non renseigné
270LOC1,non renseigné
270LOC2,non renseigné
272LOC1,non renseigné
272LOC2,non renseigné
273AMI2,non renseigné
273AMI3,non renseigné
273AMI4,non renseigné
273AMI5,non renseigné
FA192ENF,non renseigné
NS530,non renseigné
NS530AMI,non renseigné
NS530MAR,non renseigné
292CULT1,non renseigné
292CULT2,non renseigné
302STAN,non renseigné
308SEC,non renseigné
308STAN,non renseigné
312LOC,non renseigné
312STAN,non renseigné
316EMP,non renseigné
316STAN1,non renseigné
316STAN2,non renseigné
318EMP,non renseigné
319EMP,non renseigné
332LOC,non renseigné
332STAN,non renseigné
334LOC,non renseigné
334STAN,non renseigné
338STAN1,non renseigné
338STAN2,non renseigné
341LOC,non renseigné
341STAN1,non renseigné
341STAN2,non renseigné
343STAN1,non renseigné
343STAN2,non renseigné
345STAN1,non renseigné
345STAN2,non renseigné
347STAN1,non renseigné
347STAN2,non renseigné
348STAN,non renseigné
427PERSFDM,non renseigné
351STAN,non renseigné
352STAN,non renseigné
353ETU,non renseigné
353STAN,non renseigné
354ETU,non renseigné
354STAN,non renseigné
355STAN,non renseigné
360COIF,non renseigné
360STAN,non renseigné
MLC,non renseigné
361COIF,non renseigné
361EMP,non renseigné
361STAN,non renseigné
362COIF,non renseigné
362STAN,non renseigné
364AGT,non renseigné
364STAN,non renseigné
365AGT,non renseigné
365SEC,non renseigné
366EMP,non renseigné
367EMP1,non renseigné
367EMP2,non renseigné
367EMP3,non renseigné
373EMP,non renseigné
406INC,non renseigné
409INC,non renseigné
414INC,non renseigné
416INC,non renseigné
BP?DV,non renseigné
421INC,non renseigné
424INC,non renseigné
429INC,non renseigné
436INC,non renseigné
445INC,non renseigné
446PERS,non renseigné
452INC1,non renseigné
452INC2,non renseigné
517ENQ,non renseigné
517LOC1,non renseigné
517LOC2,non renseigné
517LOC3,non renseigné
517LOC4,non renseigné
517LOC5,non renseigné
519ENQ1,non renseigné
519ENQ2,non renseigné
519LOC2,non renseigné
519LOC3,non renseigné
519LOC4,non renseigné
519LOC5,non renseigné
519LOC6,non renseigné
542ENQ,non renseigné
542LOC2,non renseigné
542LOC3,non renseigné
542LOC4,non renseigné
601LOC1,non renseigné
601LOC2,non renseigné
601LOC3,non renseigné
601LOC4,non renseigné
603EMP,non renseigné
617FOR,non renseigné
617LOC,non renseigné
625VEN,non renseigné
627INC,non renseigné
627VEN,non renseigné
629INC,non renseigné
629LOC,non renseigné
629VEN,non renseigné
630LOC,non renseigné
630VEN,non renseigné
631CLI,non renseigné
631VEN1,non renseigné
631VEN2,non renseigné
634CLI,non renseigné
634VEN,non renseigné
645CLI,non renseigné
645VEN,non renseigné
650INC,non renseigné
650VEN1,non renseigné
650VEN2,non renseigné
673EMP,non renseigné
751FIE,non renseigné
BV1,Bac + 1
RL2,Bac + 2
KC3,Bac + 1
ZF4,Bac
EH5,Bac + 5 et plus
 commerçants et chefs d'entreprise,Certificat d'études
WA7,Bac + 3
HF8,Bac + 4
ZU9,Bac + 5 et plus
LX10,Bac
GK11,Bac + 5 et plus
UC12,Bac + 4
ZD13,Lycée Incomplet
SD14,Bac + 5 et plus
EW15,Secondaire Complet ( brevet des collèges )
VB16,Bac
BT17,Bac + 3
JR18,Bac
UI19,Bac + 5 et plus
XF20,Bac + 4
DF22,non renseigné
YR23,Certificat d'études
GC24,Certificat d'études
LF25,Secondaire Incomplet
OW26,Bac
 commerçants et chefs d'entreprise,Bac + 2
QF28,Bac + 5 et plus
WC29,Lycée Incomplet
FJ30,Certificat d'études
NX31,Bac + 2
FE32,Bac + 3
 commerçants et chefs d'entreprise,Bac
LC34,Bac + 2
FH35,Certificat d'études
PE36,Bac + 5 et plus
 commerçants et chefs d'entreprise,Bac + 1
AJ38,Secondaire Complet ( brevet des collèges )
RA39,Bac + 5 et plus
 commerçants et chefs d'entreprise,Bac + 1
BC41,non renseigné
PM42,Bac + 2
AN43,Bac + 5 et plus
DE44,Bac + 2
PT45,Certificat d'études
WZ46,Primaire
LD47,Bac + 2
YK48,Bac + 2
AU49,Bac + 1
CM50,Bac
 commerçants et chefs d'entreprise,Bac
YQ52,Primaire
PY53,Bac + 2
 commerçants et chefs d'entreprise,Bac + 2
TQ55,Secondaire Complet ( brevet des collèges )
TJ56,Bac + 5 et plus
UZ57,Lycée Incomplet
BI58,Bac + 5 et plus
MC59,Bac
YI60,Bac + 2
AJ61,Bac + 3
JP62,Bac
NH63,Bac
ZT64,Bac + 3
RK65,Bac + 2
MX66,Certificat d'études
CL67,Bac + 3
AG68,Bac + 4
ch_AC7,Bac + 5 et plus
ch_BH8,Bac + 5 et plus
ch_CD2,non renseigné
ch_GB9,Bac + 5 et plus
ch_GC4,non renseigné
ch_LA11,non renseigné
ch_MP10,Bac + 5 et plus
ch_NS3,Bac + 5 et plus
ch_OB1,Bac + 5 et plus
ch_PP6,Bac + 5 et plus
WB712,
VD703,Bac + 3
HX782,Bac + 3
GH095,
FC824,
75LOC,
XV383,Bac + 2
73LOC,Bac + 5 et plus
NR390,Bac + 5 et plus
GG314,
CX348,Bac + 5 et plus
PROF_Maryse,Bac
PF_RG616,Bac + 3
ELEV_CM2_Julie,
ELEV_CM2_Marion,
ELEV_CM2_Baptiste,
ELEV_CM2_Anouk,
ELEV_CM2_Juliette,
ELEV_CM2_Manon,
1287INC,
JK057,
ELEV_CM2_Johana,
Cantine_Philippe,
XL615,
ZK330,
WZ900,
XH276,
CB980,
XS033,
QF365,
PROF_Claude,Bac + 3
FJ944,Bac + 5 et plus
70LOC,Bac + 5 et plus
70LOCFIE,
ZF4BFIE,
BV1AMI,
XF20MER,non renseigné
LF25FEM,
HF8MAR,
HT398,Bac + 5 et plus
SS559,Bac + 3
RC530,CEP - CAP
ENT_40INC,
FH35AMI,
LC34AMI,
ENT_31INC,
ENT_29INC,
GC24MAR,
_blank_,
WA7FEM,Bac + 4
PT45FIL,
ENT_3INC,
TQ55FEM,
TQ55FIL,
TJ56MAR,
BB302SOE,Lycée Incomplet
PW85FIL,non renseigné
086LOC1,
086TOUS,
BB302FRE,non renseigné
femme,
064INC,
030INC,
RF126AMI,non renseigné
BLC4,
717ASOC,
626VEN1,
612VEN,
301STAN,
FA192AMI1,
FA192AMI2,
HS,
626VEN2,
FA192AMI3,
FA192AMI4,
filsdeBA725,
FA192AMI5,
SJ800,
XL906,
DR268,
LD777,Bac + 1
NH63MAR,Bac
TQ55FIL1,
253INC,
274LOC1,
chercheur,
294ENF1,
370INC1,
370INC2,
371INC,
JeanZay,
ChanoineMichelQuartier,
403PERS,
447INC,
453LOC,
461PERSFIE,
homme,
503LOC1,
504CONF,
505CONF,
520ENQ2,
551ENQ1,
554LOC3,
603INC,
662LOC,
705ASOC,
708ASOC,
712ASOC,
752FIE,
752INC,
149INC,
standardiste,
274LOC2,
294ENF2,
294ENF3,
370INC3,
370INC4,
JeanZay2,
JeanZay3,
chercheuse,
453INC,
551LOC1,
662INC,
274LOC3,
294ENF4,
294ENF5,
403INC,
NV558SOE,
294ENF6,
294ENF7,
294ENF8,
294ENF9,
294ENF10,
294ENF11,
551LOC2,
294ENF12,
294ENF13,
551LOC4,
294ENF14,
294ENF,
551LOC5,
551ENQ2,
551INC1,
551INC2,
DA740FEM,
femme1,
503CONF,
504LOC1,
505LOC1,
520LOC1,non renseigné
554LOC2,
063INC,
JO304FIE2,
JX318FIL,
KE383FEM,
JO304FIE,
JO304FIE3,
448PERS1,
462INC,
homme1,
503LOC2,
503LOC3,
504LOC2,
505LOC2,
520ENQ1,
554LOC4,
554LOC5,
701ASOC,
702ASOC,
703ASOC,
704ASOC,
709ASOC,
743ASOC,
462INC2,
femme2,
503LOC4,
503LOC5,
504LOC3,
505LOC3,
520LOC2,non renseigné
554LOC6,
554LOC7,
707ASOC,
713ASOC,
RF126SOE,non renseigné
femme3,
503LOC6,
503LOC7,
504LOC4,
505LOC4,
554LOC8,
554LOC9,
femme4,
503LOC8,
503LOC9,
504LOC5,
505LOC5,
554LOC10,
554LOC1,
femme5,
503LOC10,
503LOC11,
504LOC6,
505LOC6,
femme6,
503LOC12,
504LOC7,
505LOC7,
femme7,
504LOC8,
505LOC8,
femme8,
504LOC9,
505LOC9,
femme9,
504LOC10,
505LOC10,
femme10,
504LOC11,
505LOC11,
femme11,
504LOC12,
505LOC12,
femme12,
504LOC13,
505LOC13,
femme13,
504LOC14,
505LOC14,
homme2,
504LOC15,
505LOC15,
femme14,
504LOC16,
505LOC16,
femme15,
504LOC17,
505LOC17,
femme16,
504LOC18,
témoin18,
femme17,
504LOC19,
505LOC19,
femme18,
504LOC20,
505LOC20,
femme19,
504LOC21,
505LOC21,
femme20,
504LOC22,
505LOC22,
femme21,
504LOC23,
505LOC23,
femme22,
504LOC24,
505LOC24,
femme23,
505LOC25,
femme24,
505LOC26,
femme25,
505LOC27,
femme26,
505LOC28,
homme3,
505LOC29,
femme27,
505LOC30,
femme28,
505LOC31,
femme29,
505LOC32,
homme4,
505LOC33,
femme30,
505LOC34,
femme31,
505LOC35,
femme32,
505LOC36,
femme33,
505LOC37,
femme34,
505LOC38,
femme35,
505LOC39,
homme5,
505LOC40,
femme36,
505LOC41,
RL437,Bac
RL437FIE,
femme37,
505LOC42,
femme38,
505LOC43,
homme6,
505LOC44,
femme39,
505LOC45,
homme7,
505LOC46,
homme8,
505LOC47,
femme40,
505LOC48,
homme9,
505LOC49,
femme41,
505LOC50,
femme42,
505LOC51,
femme43,
505LOC52,
femme44,
505LOC53,
femme45,
505LOC18,
femme46,
505LOC54,
femme47,
505LOC55,
femme48,
505LOC56,
homme10,
505LOC57,
homme11,
homme12,
femme49,
femme50,
femme51,
ZD198,Bac
ZP063,Bac + 1
HD735,Bac + 4
femme52,
CZ903,Bac
CZ903FEM,Bac
CZ903FIE,
SF018,Bac + 3
MX953,Secondaire Complet ( brevet des collèges )
MX953FEM,
MX953FIE1,
MX953FIE2,
MF363,Bac + 2
HV753,Bac
RN488,Secondaire Complet ( brevet des collèges )
femme53,
70LOCFIL,
femme54,
ENT_57INC,
MC59FEM,Bac + 2
ENT_59INC,
femme55,
femme56,
AG68FIE,
femme57,
femme58,
femme59,
femme60,
femme61,
femme62,
femme63,
femme64,
femme65,
femme66,
femme67,
JZ678,Bac + 3
RJ928,Bac + 3
WN379,Bac + 3
NC194,
NH739,
TL271,
SM268,
HP136,
NM135,
ZJ679,
SF781,Bac + 3
MP760,Bac + 3
CB227,Bac + 3
VK250,
PM256,Lycée Incomplet
SR853,
TS788,Lycée Incomplet
ST262,
NT657,Bac + 3
CL268,
VN083,Bac + 3
KM591,
ZS505,
HG486,Bac + 3
WD670,
CF242,Bac
VC400,
HC469,Bac + 3
TB182,Bac + 3
WQ227,
QF775,Bac + 3
FF809,
KB025,
WV038,
JX144,
XF233,Bac + 3
CC150,Bac + 3
NP069,
CR643,
MZ146,
MM306,
NC613,
RK330,
XR983,
XQ753,Bac + 3
HW014,Bac + 3
FD720,Bac + 3
NS613,
PV817,Bac + 5 et plus
MX601,
CK483,Lycée Incomplet
KG716,
BT590,
FN730,
VN607,
DL922,
QB839,
RN247,Lycée Incomplet
MH315,
 commerçants et chefs d'entreprise,
 commerçants et chefs d'entreprise,
SL653,Bac + 3
MF615,Bac + 3
XZ152,
MG384,
WR226,
DV087,
RB244,
JK217,Bac + 3
RT957,Bac + 3
NZ705,Bac + 3
XS464,
CR739,
LT447,Bac + 4
SL696,
KH427,Bac + 5 et plus
KH427FIL,Primaire
BB829,
XL229,
 commerçants et chefs d'entreprise,
LF686,Bac + 3
TV450,
MR363,Bac + 3
TK681,Bac + 3
RF640,
MJ748,
QQ411,
QQ411FEM,
RB054,
ZG645,
PS642,
PN050,Lycée Incomplet
JX490,Bac + 3
LP948,Bac + 3
WG305,Bac + 3
FB199,non renseigné
SH625,
VJ757,
VL664,
QG029,
QC526,
GL894,non renseigné
JZ990,non renseigné
JZ990INC,
TR860,Bac + 3
KB589,Bac + 3
XL852,non renseigné
VS126,non renseigné
NF384,non renseigné
ZK010,non renseigné
FN218,non renseigné
PF598,non renseigné
NM879,
GD202,Bac + 3
XR196,Bac + 3
QM631,Bac + 3
ND853,non renseigné
ZS562,non renseigné
LC956,non renseigné
MR449,non renseigné
LR132,non renseigné
MS592,non renseigné
TT848,non renseigné
TT848INC,non renseigné
DD347,non renseigné
JZ724,non renseigné
RC796,Bac + 3
HS757,Bac + 3
TS194,non renseigné
XS952,Bac + 4
XS952INC,non renseigné
JX622,non renseigné
XL615MAR,non renseigné
XL615SOE,non renseigné
QX276,non renseigné
BL828,Bac + 3
RM136,Bac + 5 et plus
HV440,non renseigné
TK473,non renseigné
HV440FIE,
HZ912,non renseigné
VP283,non renseigné
HS609,non renseigné
TS894,Bac + 3
LF422,Bac + 3
FT070,Bac + 3
ZZ876,non renseigné
KF467,non renseigné
DT708,non renseigné
FH253,non renseigné
JZ001,non renseigné
CW903,non renseigné
GX031,Bac + 3
GM125,non renseigné
CN364,Bac + 3
LC489,Bac + 3
SP597,non renseigné
LK378,non renseigné
VF480,non renseigné
DV578,non renseigné
DV578MAR,non renseigné
PW474,non renseigné
NX422,Bac + 3
MK912,Bac + 3
NW940,Bac + 3
GD954,Bac + 3
LG356,Bac + 3
CH578,Bac + 3
FF870,Bac + 3
GJ996,non renseigné
SS109,non renseigné
CC701,non renseigné
CC701MAR,non renseigné
HJ330,non renseigné
FF856,non renseigné
TB983,non renseigné
DQ868,Bac + 3
XZ005,Bac + 3
WG519,non renseigné
SW880,non renseigné
TR268,Bac + 3
XJ946,non renseigné
XJ946MAR,non renseigné
CH057,Bac + 3
BQ750,non renseigné
RM256,non renseigné
JR232,non renseigné
RX607,non renseigné
CL651,non renseigné
ZQ009,non renseigné
XZ056,Bac + 3
GS417,Bac + 3
XQ811,Bac + 3
 commerçants et chefs d'entreprise,non renseigné
ZZ031,non renseigné
QK552,non renseigné
GX092,non renseigné
HF528,non renseigné
RC036,non renseigné
PN744,Bac + 3
XC963,Bac + 3
BB418,Bac + 3
DN672,non renseigné
BH071,Bac + 5 et plus
FN762,non renseigné
FX243,Bac + 3
JX980,Bac
DJ659,non renseigné
PR182,Bac + 3
TH386,Bac + 3
LX340,non renseigné
HL565,non renseigné
RN872,non renseigné
DL254,Bac + 3
QG163,Bac + 5 et plus
TM387,Bac + 3
WK960,non renseigné
NH499,non renseigné
MJ079,non renseigné
MG839,Bac + 3
FT715,Bac + 3
PQ532,non renseigné
RR581,non renseigné
HV826,non renseigné
JQ956,non renseigné
ZM869,non renseigné
 commerçants et chefs d'entreprise,CEP - CAP
SC665,non renseigné
CD322,non renseigné
CD322FEM,non renseigné
KG878,Bac + 3
FX965,Bac + 3
CV451,non renseigné
CV451MAR,non renseigné
VL745,non renseigné
PR503,non renseigné
BL932,non renseigné
ZX376,non renseigné
QW371,Bac + 3
MH473,non renseigné
DJ39_DIA,Bac + 5 et plus
QB100_DIA,Bac + 5 et plus
QB100_DIAFIE,non renseigné
CF4_DIA,CEP - CAP
PY94_DIA,CEP
RF211_DIA,Bac + 5 et plus
DIA_1225INC,non renseigné
YR399_DIA,CEP - CAP
YR399_DIAFEM,non renseigné
YT387_DIA,CEP
GF429,Bac + 3
WR641,Bac + 1
BQ576,Bac + 3
ZL473,Bac + 5 et plus
MM428,Bac + 5 et plus
WX414,Bac + 2
WZ853,Bac + 5 et plus
CC423,Bac + 5 et plus
ZZ431,Bac + 3
WT646,Bac + 5 et plus
DC528,Bac + 5 et plus
WT075,Bac + 5 et plus
SGrouard,Bac + 5 et plus
JPSueur,Bac + 5 et plus
JLBernard,Bac + 5 et plus
CBruneau,Bac + 4
BGratuze,Bac + 5 et plus
ZV124,Bac + 5 et plus
JGuarrigues,Bac + 5 et plus
SG486,Bac + 5 et plus
MB834,Bac + 5 et plus
PF932,Bac + 5 et plus
FL331,Bac + 5 et plus
JF316,Bac + 5 et plus
ZR652,Bac + 5 et plus
FLegouy,Bac + 5 et plus
VD276,Bac + 5 et plus
ND454,Bac + 5 et plus
MP087,Bac + 5 et plus
RH091,Bac + 5 et plus
CPelage,Bac + 5 et plus
MEymar,Bac + 5 et plus
BQ315,Bac + 5 et plus
KX427,Bac + 2
ch_MS12,Bac + 5 et plus
RN488FRE,Secondaire Incomplet
GX785,
TC671,non renseigné
NR390AMIE,Bac + 4
CW440,non renseigné
RT705,Bac + 3
NG318,
PX866,Bac
KN446,
PROF_Mrs Spencer,
ELEV_CM2_Maxence,
ELEV_CM2_Léo,
AVS_CM2,
PROF_Philippe,Bac + 2
ELEV_CM2_Loïs,
ELEV_CM2_Lisa,
ELEV_CM2_Samuel,
ELEV_CM2_Thomas,
ELEV_CM2,
WZ384,Bac + 5 et plus
WZ384MAR,Bac + 5 et plus
WZ384FIE,Secondaire Incomplet
WZ384FIL,Primaire
JW992,Certificat d'études
JW992MAR,non renseigné
VJ115,Secondaire Incomplet
JW992PFIL1,Secondaire Complet ( brevet des collèges )
JW992PFIL2,Secondaire Incomplet
DS952,Bac + 2
DS952SOE,Lycée Incomplet
DS952MER,non renseigné
CT763,Bac + 4
CT763FIE,Primaire
CT763FIL,Primaire
CT418,Primaire
CT418SOE,
CT418BBSIT,Bac + 2
CT418PER,non renseigné
ML666,Bac + 2
ML666AMI,non renseigné
BV647,Bac + 2
RN166,Bac + 2
DR381,non renseigné
MQ293,non renseigné
KR001,Bac + 4
NW958,Bac
PC261,non renseigné
ZD520,Bac + 2
KX664,non renseigné
ZV069,non renseigné
WM950,non renseigné
GJ845MER,non renseigné
GJ845,non renseigné
TG634,non renseigné
TG634FIL2,Secondaire Incomplet
TG634FIL1,Lycée Incomplet
TG634FIE,Lycée Incomplet
LD386FIE,Bac
LD386FEM,Bac + 5 et plus
NS571MAR,non renseigné
711ASOC,
317STAN2,non renseigné
317STAN3,non renseigné
317STAN1,non renseigné
346STAN,non renseigné
350STAN,non renseigné
XW000,non renseigné
RZ042,non renseigné
NV558MER,
NV558PER,
PF437,Bac + 3
FG719,non renseigné
DC040,non renseigné
MH568,non renseigné
LG632,Bac + 4
KP488,Certificat d'études
FH449,Bac + 3
FH449MER,non renseigné
FH449PER,non renseigné
FH449FRE1,non renseigné
FH449FRE2,non renseigné
GG675,Bac
GG675PER,non renseigné
GG675MER,non renseigné
LD860,Bac + 3
LD860MER,non renseigné
LD860FRE2,non renseigné
LD860FRE1,non renseigné
LD860SOE,non renseigné
725ASOC,
BB302,Bac + 3
RF126,non renseigné
KG276,Lycée Incomplet
096LOC,
450PERSFEM,
450INC,
450PERSAMIE,
086LOC1?086LOC2,
JO304?086LOC1,
