REFERENCE	bac_5_et_plus
 commerçants et chefs d'entreprise	bac_1
UG393	bac_5_et_plus
DE744	bac_1
DJ39	bac_5_et_plus
JI306	bac_1
FU200	bac_5_et_plus
FA192	bac_1
ML533	bac_5_et_plus
FD237	bac_5_et_plus
JW325	bac_1
LD386	bac_1
GJ131	bac_5_et_plus
JG258	bac_5_et_plus
NS571	bac_1
 commerçants et chefs d'entreprise	bac_5_et_plus
UQ417	bac_5_et_plus
NV558	bac_1
WL512	bac_5_et_plus
QB100	bac_5_et_plus
UF391	bac_1
1135	bac_5_et_plus
XZ501	bac_5_et_plus
VS466	bac_1
1299	bac_1
948	bac_5_et_plus
1134	bac_1
 commerçants et chefs d'entreprise	bac_5_et_plus
1254	bac_5_et_plus
1268	bac_1
4001	bac_5_et_plus
 commerçants et chefs d'entreprise	bac_1
BF69	bac_5_et_plus
 commerçants et chefs d'entreprise	bac_1
BX11	bac_5_et_plus
 commerçants et chefs d'entreprise	bac_5_et_plus
BU77	bac_5_et_plus
CH28	bac_1
CI58	bac_1
CF4	bac_1
CP7	bac_5_et_plus
 commerçants et chefs d'entreprise	bac_5_et_plus
 commerçants et chefs d'entreprise	bac_1
 commerçants et chefs d'entreprise	bac_5_et_plus
 commerçants et chefs d'entreprise	bac_5_et_plus
 commerçants et chefs d'entreprise	bac_1
 commerçants et chefs d'entreprise	bac_5_et_plus
DH59	bac_1
DP50	bac_5_et_plus
DX101	bac_5_et_plus
 commerçants et chefs d'entreprise	bac_1
DT78	bac_5_et_plus
 commerçants et chefs d'entreprise	bac_1
HU339	bac_5_et_plus
EM229	bac_1
 commerçants et chefs d'entreprise	bac_5_et_plus
 commerçants et chefs d'entreprise	bac_1
 commerçants et chefs d'entreprise	bac_5_et_plus
 commerçants et chefs d'entreprise	bac_1
 commerçants et chefs d'entreprise	bac_5_et_plus
 commerçants et chefs d'entreprise	bac_5_et_plus
 commerçants et chefs d'entreprise	bac_5_et_plus
FZ61	bac_1
GE133	bac_5_et_plus
 commerçants et chefs d'entreprise	bac_1
GL142	bac_5_et_plus
GX120	bac_1
HA151	bac_5_et_plus
HN169	bac_1
 commerçants et chefs d'entreprise	bac_5_et_plus
IC346	bac_5_et_plus
LS439	bac_1
IG298	bac_1
IR293	bac_5_et_plus
IU288	bac_5_et_plus
IZ248	bac_1
JO304	bac_1
JR327	bac_5_et_plus
JX318	bac_1
 commerçants et chefs d'entreprise	bac_1
KO376	bac_1
KH411	bac_5_et_plus
LF468	bac_1
MH539	bac_5_et_plus
KP392	bac_1
MG475	bac_5_et_plus
KT385	bac_5_et_plus
LN438	bac_1
LA366	bac_5_et_plus
MW523	bac_5_et_plus
MS530	bac_1
MK532	bac_5_et_plus
MT484	bac_1
PX88	bac_5_et_plus
NI526	bac_1
MY510	bac_5_et_plus
QC102	bac_5_et_plus
UH398	bac_1
OI587	bac_5_et_plus
UU424	bac_1
MX492	bac_5_et_plus
QF105	bac_1
QG109	bac_5_et_plus
NA487	bac_1
VZ486	bac_5_et_plus
NM476	bac_1
RC196	bac_5_et_plus
RF211	bac_1
SD272	bac_5_et_plus
VA436	bac_1
OB557	bac_5_et_plus
OH593	bac_5_et_plus
 commerçants et chefs d'entreprise	bac_1
SM313	bac_1
PY94	bac_5_et_plus
QW145	bac_1
UB381	bac_1
VG449	bac_5_et_plus
RV252	bac_5_et_plus
SL312	bac_1
UN412	bac_1
PW85	bac_1
VM456	bac_5_et_plus
VN457	bac_1
ST326	bac_5_et_plus
WF503	bac_1
PF42	bac_5_et_plus
YO241	bac_1
YD478	bac_5_et_plus
YT387	bac_5_et_plus
TN153	bac_1
TS165	bac_1
YR399	bac_1
UO414	bac_5_et_plus
ZD585	bac_1
VL455	bac_5_et_plus
4002	bac_1
8EX	bac_1
12EX	bac_5_et_plus
VU469	bac_1
WS529	bac_5_et_plus
9EX	bac_5_et_plus
 commerçants et chefs d'entreprise	bac_1
2EX	bac_5_et_plus
YP371	bac_1
1300	bac_5_et_plus
4EX	bac_5_et_plus
5EX	bac_1
6EX	bac_5_et_plus
1264	bac_5_et_plus
3EX	bac_1
4003	bac_5_et_plus
1277	bac_1
VX479	bac_1
4004	bac_5_et_plus
ZB600	bac_5_et_plus
701MER	bac_1
707MER	bac_5_et_plus
702PER	bac_5_et_plus
708PER	bac_1
703MER	bac_5_et_plus
705MER	bac_5_et_plus
704MER	bac_1
709MER	bac_1
710PER	bac_5_et_plus
711MER	bac_5_et_plus
712MER	bac_1
713MER	bac_5_et_plus
716MER	bac_5_et_plus
717MER	bac_1
718MER	bac_1
720MER	bac_5_et_plus
721PER	bac_5_et_plus
722MER	bac_1
DM95	bac_5_et_plus
241LOC	bac_5_et_plus
242LOC	bac_1
243LOC	bac_1
309STAN	bac_1
316STAN	bac_5_et_plus
317EMP1	bac_1
331LOC	bac_5_et_plus
318STAN	bac_5_et_plus
319STAN	bac_1
407PERSFEM	bac_1
360LOC	bac_1
407PERS	bac_5_et_plus
335LOC	bac_5_et_plus
361LOC	bac_5_et_plus
337STAN	bac_1
362LOC	bac_1
338SEC	bac_5_et_plus
341SEC	bac_1
354AGT	bac_1
342LOC	bac_5_et_plus
425PERS	bac_5_et_plus
366AGT	bac_1
343SEC	bac_5_et_plus
367STAN	bac_1
427PERS	bac_5_et_plus
370STAN	bac_1
371STAN	bac_1
373STAN	bac_5_et_plus
349FMG	bac_5_et_plus
350LOC	bac_5_et_plus
352LOC	bac_1
353LOC	bac_5_et_plus
354LOC	bac_5_et_plus
355LOC	bac_1
401PERS	bac_1
402PERS	bac_1
406PERS	bac_5_et_plus
298LOC	bac_1
408PERS	bac_1
419PERS	bac_5_et_plus
409PERS	bac_1
414PERS	bac_5_et_plus
426PERS	bac_5_et_plus
416PERS	bac_5_et_plus
415PERS	bac_1
417PERS	bac_5_et_plus
420PERS	bac_1
421PERS	bac_1
422PERS	bac_5_et_plus
423PERS	bac_1
424PERS	bac_5_et_plus
429PERS	bac_1
437PERS	bac_5_et_plus
441PERS	bac_5_et_plus
430PERS	bac_1
435PERS	bac_1
431PERS	bac_1
436PERS	bac_5_et_plus
439PERS	bac_5_et_plus
445PERS	bac_1
461PERS	bac_5_et_plus
440PERS	bac_5_et_plus
447PERS	bac_1
448PERS	bac_5_et_plus
448PERS2	bac_1
449PERS	bac_5_et_plus
450PERS	bac_1
452PERS	bac_5_et_plus
451PERS	bac_1
454PERS	bac_1
460PERS	bac_5_et_plus
453PERS	bac_5_et_plus
463PERS	bac_1
462PERS	bac_5_et_plus
519LOC1	bac_1
516LOC1	bac_5_et_plus
543LOC1	bac_1
555LOC2	bac_1
555LOC1	bac_5_et_plus
723MER	bac_1
725MER	bac_5_et_plus
724PER	bac_1
726MER	bac_5_et_plus
727MER	bac_5_et_plus
730MER	bac_1
728PER	bac_5_et_plus
731MER	bac_1
732MER	bac_1
733MER	bac_1
734MER	bac_5_et_plus
735MER	bac_1
737MER	bac_1
740PER	bac_5_et_plus
741MER	bac_5_et_plus
742SOE	bac_5_et_plus
743MER	bac_1
542LOC1	bac_5_et_plus
001LOC1	bac_1
001LOC2	bac_5_et_plus
OU	bac_1
002INC	bac_5_et_plus
JR	bac_5_et_plus
RC	bac_5_et_plus
PB	bac_1
006LOC	bac_1
JK	bac_5_et_plus
GJ131FEM	bac_1
JR258	bac_5_et_plus
010LOC	bac_1
MB	bac_1
JW325FEM	bac_5_et_plus
013INC	bac_1
BV	bac_5_et_plus
014INC	bac_5_et_plus
ML533MER	bac_1
CS	bac_1
QB100MER	bac_1
QB100SOE	bac_5_et_plus
020INC	bac_5_et_plus
MD	bac_1
WL512MAR	bac_5_et_plus
HM	bac_5_et_plus
1135ENF	bac_1
1135FEM	bac_5_et_plus
026INC	bac_1
1254FIE	bac_1
JSM	bac_5_et_plus
948MAR	bac_1
4001SOE	bac_5_et_plus
BB733BMER	bac_1
BD704FEM	bac_1
DP	bac_5_et_plus
045INC	bac_1
046INC	bac_5_et_plus
047INC1	bac_1
047INC2	bac_1
CI58ENF	bac_1
CO702FEM	bac_5_et_plus
NC	bac_1
CR730FIL	bac_5_et_plus
DC738FEM	bac_5_et_plus
DX101FIE	bac_1
062INC	bac_5_et_plus
ES187FIE	bac_1
FH717MER	bac_1
068INC	bac_1
069INC	bac_5_et_plus
 commerçants et chefs d'entreprise	bac_5_et_plus
072INC	bac_1
FZ61FIL	bac_5_et_plus
073INC	bac_1
GX120MAR	bac_5_et_plus
HA151FEM	bac_1
080INC	bac_5_et_plus
HV348FIE	bac_1
IC346PFIE	bac_1
IR293FEM	bac_5_et_plus
IZ248FIL	bac_1
IZ248MER	bac_5_et_plus
0086TOUS	bac_5_et_plus
086INC	bac_1
086LOC2	bac_1
JR327FEM	bac_5_et_plus
JX318ENF	bac_1
089INC1	bac_5_et_plus
089INC2	bac_1
089INC3	bac_5_et_plus
090INC1	bac_1
090INC2	bac_1
092LOC	bac_5_et_plus
KP392FEM	bac_1
KT385FEM	bac_1
KT385PFIE	bac_5_et_plus
096INC	bac_5_et_plus
098INC	bac_5_et_plus
MG475FEM	bac_1
101INC	bac_5_et_plus
MS530MER	bac_1
MT484PER	bac_1
104LOC1	bac_1
104LOC1?MX492MAR	bac_5_et_plus
104LOC2	bac_5_et_plus
104LOC2?MX492	bac_1
MX492?CS	bac_5_et_plus
MX492ENF	bac_5_et_plus
MX492MAR	bac_1
106INC	bac_1
NA487FIE	bac_1
107INC	bac_5_et_plus
108INC	bac_1
NM476ENF	bac_5_et_plus
NM476FRE	bac_5_et_plus
NM476MAR	bac_1
OB557FIE	bac_1
OB557MAR	bac_1
110INC	bac_5_et_plus
110LOC	bac_1
OH593GRM	bac_5_et_plus
OI587FEM	bac_1
PF42MAR	bac_1
PW85FEM	bac_5_et_plus
PX88MAR	bac_1
115INC	bac_5_et_plus
PY94FIL	bac_1
QG109FEM	bac_1
QG109FIE	
122INC	bac_1
AR	bac_1
RV252FIE	bac_5_et_plus
RV252MAR	bac_1
RV252PFIE	bac_1
SD272MAR	bac_5_et_plus
AMP	bac_1
127INC	bac_1
128INC	bac_5_et_plus
TN153AMI	bac_1
TS165FEM	bac_1
TS165FIE	bac_5_et_plus
TS165PFIE	bac_5_et_plus
UB381FEM	bac_5_et_plus
133INC	bac_1
UO414ENF	bac_5_et_plus
UO414MAR	bac_1
UU424AMI	bac_1
VG449FEM	bac_5_et_plus
VG449FIE	bac_5_et_plus
138INC	bac_1
VL455FIE	bac_5_et_plus
VL455MAR	bac_1
VM456MAR	bac_5_et_plus
140INC	bac_1
VX479FEM	bac_5_et_plus
VZ486FIE	bac_1
146INC	bac_5_et_plus
YP371FEM	bac_1
YP371FIE	bac_5_et_plus
ZB600ENF	bac_5_et_plus
ZB600MAR	bac_1
152INC	bac_5_et_plus
1264ENF	bac_5_et_plus
156INC	bac_1
160INC	bac_1
4004FEM	bac_1
163INC	bac_5_et_plus
5EXFEM	bac_1
167INC1	bac_5_et_plus
167INC2	bac_1
 commerçants et chefs d'entreprise	bac_1
11EXFIE	bac_5_et_plus
173INC	bac_1
201OUV1	bac_5_et_plus
201OUV2	bac_1
BA725FEM	bac_1
203INC	bac_5_et_plus
BA725FIL	bac_5_et_plus
204INC	bac_5_et_plus
204SEC	bac_1
206INC1	bac_1
206INC2	bac_5_et_plus
206LOC	bac_5_et_plus
DM95FEM	bac_1
208INC	bac_1
211INC	bac_1
212INC	bac_5_et_plus
215INC	bac_1
223CLI1	bac_1
223CLI2	bac_1
223CLI3	bac_1
223CLI4	bac_5_et_plus
224INC	bac_5_et_plus
235GAR	bac_5_et_plus
235VOI	bac_1
237INC	bac_5_et_plus
238INC	bac_5_et_plus
1134FEM	bac_1
255INC	bac_5_et_plus
257INC1	bac_1
257INC2	bac_1
407PERSFIE	bac_1
HMM	bac_5_et_plus
264INC	bac_1
270LOC1	bac_5_et_plus
270LOC2	bac_1
272LOC1	bac_5_et_plus
272LOC2	bac_5_et_plus
273AMI2	bac_1
273AMI3	bac_1
273AMI4	bac_5_et_plus
273AMI5	bac_1
FA192ENF	bac_1
NS530	bac_5_et_plus
NS530AMI	bac_5_et_plus
NS530MAR	bac_1
292CULT1	bac_5_et_plus
292CULT2	bac_1
302STAN	bac_5_et_plus
308SEC	bac_1
308STAN	bac_5_et_plus
312LOC	bac_1
312STAN	bac_5_et_plus
316EMP	bac_5_et_plus
316STAN1	bac_1
316STAN2	bac_1
318EMP	bac_5_et_plus
319EMP	bac_1
332LOC	bac_5_et_plus
332STAN	bac_5_et_plus
334LOC	bac_5_et_plus
334STAN	bac_1
338STAN1	bac_1
338STAN2	bac_1
341LOC	bac_5_et_plus
341STAN1	bac_1
341STAN2	bac_5_et_plus
343STAN1	bac_1
343STAN2	bac_1
345STAN1	bac_5_et_plus
345STAN2	bac_1
347STAN1	bac_5_et_plus
347STAN2	bac_1
348STAN	bac_5_et_plus
427PERSFDM	bac_1
351STAN	bac_5_et_plus
352STAN	bac_5_et_plus
353ETU	bac_1
353STAN	bac_1
354ETU	bac_5_et_plus
354STAN	bac_1
355STAN	bac_1
360COIF	bac_5_et_plus
360STAN	bac_1
MLC	bac_1
361COIF	bac_5_et_plus
361EMP	bac_1
361STAN	bac_5_et_plus
362COIF	bac_1
362STAN	bac_5_et_plus
364AGT	bac_5_et_plus
364STAN	bac_1
365AGT	bac_5_et_plus
365SEC	bac_1
366EMP	bac_1
367EMP1	bac_5_et_plus
367EMP2	bac_1
367EMP3	bac_5_et_plus
373EMP	bac_5_et_plus
406INC	bac_1
409INC	bac_5_et_plus
414INC	bac_5_et_plus
416INC	bac_1
BP?DV	bac_5_et_plus
421INC	bac_1
424INC	bac_5_et_plus
429INC	bac_5_et_plus
436INC	bac_1
445INC	bac_5_et_plus
446PERS	bac_1
452INC1	bac_5_et_plus
452INC2	bac_1
517ENQ	bac_1
517LOC1	bac_5_et_plus
517LOC2	bac_1
517LOC3	bac_5_et_plus
517LOC4	bac_1
517LOC5	bac_5_et_plus
519ENQ1	bac_5_et_plus
519ENQ2	bac_1
519LOC2	bac_5_et_plus
519LOC3	bac_5_et_plus
519LOC4	bac_1
519LOC5	bac_1
519LOC6	bac_1
542ENQ	bac_5_et_plus
542LOC2	bac_1
542LOC3	bac_5_et_plus
542LOC4	bac_1
601LOC1	bac_5_et_plus
601LOC2	bac_1
601LOC3	bac_5_et_plus
601LOC4	bac_5_et_plus
603EMP	bac_1
617FOR	bac_5_et_plus
617LOC	bac_1
625VEN	bac_5_et_plus
627INC	bac_1
627VEN	bac_1
629INC	bac_5_et_plus
629LOC	bac_1
629VEN	bac_5_et_plus
630LOC	bac_1
630VEN	bac_5_et_plus
631CLI	bac_5_et_plus
631VEN1	bac_5_et_plus
631VEN2	bac_1
634CLI	bac_1
634VEN	bac_5_et_plus
645CLI	bac_1
645VEN	bac_5_et_plus
650INC	bac_5_et_plus
650VEN1	bac_5_et_plus
650VEN2	bac_5_et_plus
673EMP	bac_1
751FIE	bac_1
BV1	bac_5_et_plus
RL2	bac_5_et_plus
KC3	bac_1
ZF4	bac_5_et_plus
EH5	bac_5_et_plus
 commerçants et chefs d'entreprise	bac_1
WA7	bac_1
HF8	bac_5_et_plus
ZU9	bac_1
LX10	bac_5_et_plus
GK11	bac_1
UC12	bac_5_et_plus
ZD13	bac_1
SD14	bac_1
EW15	bac_1
VB16	bac_5_et_plus
BT17	bac_1
JR18	bac_5_et_plus
UI19	bac_1
XF20	bac_5_et_plus
DF22	bac_5_et_plus
YR23	bac_1
GC24	bac_1
LF25	bac_5_et_plus
OW26	bac_1
 commerçants et chefs d'entreprise	bac_5_et_plus
QF28	bac_5_et_plus
WC29	bac_1
FJ30	bac_1
NX31	bac_5_et_plus
FE32	bac_1
 commerçants et chefs d'entreprise	bac_5_et_plus
LC34	bac_5_et_plus
FH35	bac_5_et_plus
PE36	bac_1
 commerçants et chefs d'entreprise	bac_5_et_plus
AJ38	bac_1
RA39	bac_5_et_plus
 commerçants et chefs d'entreprise	bac_1
BC41	bac_5_et_plus
PM42	bac_1
AN43	bac_5_et_plus
DE44	bac_1
PT45	bac_1
WZ46	bac_5_et_plus
LD47	bac_5_et_plus
YK48	bac_1
AU49	bac_5_et_plus
CM50	bac_1
 commerçants et chefs d'entreprise	bac_5_et_plus
YQ52	bac_1
PY53	bac_5_et_plus
 commerçants et chefs d'entreprise	bac_5_et_plus
TQ55	bac_5_et_plus
TJ56	bac_1
UZ57	bac_1
BI58	bac_1
MC59	bac_5_et_plus
YI60	bac_5_et_plus
AJ61	
JP62	bac_1
NH63	bac_1
ZT64	bac_5_et_plus
RK65	bac_5_et_plus
MX66	bac_1
CL67	bac_1
AG68	
ch_AC7	bac_5_et_plus
ch_BH8	bac_5_et_plus
ch_CD2	bac_1
ch_GB9	
ch_GC4	bac_5_et_plus
ch_LA11	
ch_MP10	bac_5_et_plus
ch_NS3	bac_5_et_plus
ch_OB1	bac_1
ch_PP6	bac_1
WB712	bac_5_et_plus
VD703	bac_1
HX782	bac_5_et_plus
GH095	bac_1
FC824	bac_5_et_plus
75LOC	bac_5_et_plus
XV383	bac_1
73LOC	bac_5_et_plus
NR390	bac_5_et_plus
GG314	bac_1
CX348	
PROF_Maryse	bac_5_et_plus
PF_RG616	bac_1
ELEV_CM2_Julie	bac_5_et_plus
ELEV_CM2_Marion	
ELEV_CM2_Baptiste	bac_5_et_plus
ELEV_CM2_Anouk	bac_1
ELEV_CM2_Juliette	bac_1
ELEV_CM2_Manon	bac_1
1287INC	bac_5_et_plus
JK057	
ELEV_CM2_Johana	bac_1
Cantine_Philippe	bac_5_et_plus
XL615	bac_1
ZK330	
WZ900	bac_5_et_plus
XH276	bac_5_et_plus
CB980	bac_1
XS033	bac_5_et_plus
QF365	bac_1
PROF_Claude	bac_5_et_plus
FJ944	bac_1
70LOC	bac_5_et_plus
70LOCFIE	
ZF4BFIE	
BV1AMI	bac_1
XF20MER	bac_5_et_plus
LF25FEM	bac_1
HF8MAR	bac_1
HT398	bac_5_et_plus
SS559	bac_1
RC530	bac_5_et_plus
ENT_40INC	bac_1
FH35AMI	bac_5_et_plus
LC34AMI	bac_5_et_plus
ENT_31INC	bac_1
ENT_29INC	bac_1
GC24MAR	bac_1
_blank_	bac_5_et_plus
WA7FEM	bac_1
PT45FIL	bac_1
ENT_3INC	
TQ55FEM	bac_1
TQ55FIL	
TJ56MAR	bac_1
BB302SOE	bac_1
PW85FIL	
086LOC1	bac_1
086TOUS	bac_5_et_plus
BB302FRE	bac_1
femme	bac_5_et_plus
064INC	bac_1
030INC	
RF126AMI	bac_1
BLC4	bac_5_et_plus
717ASOC	bac_1
626VEN1	
612VEN	bac_5_et_plus
301STAN	bac_5_et_plus
FA192AMI1	
FA192AMI2	bac_1
HS	bac_5_et_plus
626VEN2	bac_1
FA192AMI3	bac_5_et_plus
FA192AMI4	bac_5_et_plus
filsdeBA725	bac_5_et_plus
FA192AMI5	bac_5_et_plus
SJ800	bac_1
XL906	bac_5_et_plus
DR268	bac_1
LD777	bac_5_et_plus
NH63MAR	bac_1
TQ55FIL1	bac_5_et_plus
253INC	bac_1
274LOC1	bac_5_et_plus
chercheur	bac_5_et_plus
294ENF1	bac_1
370INC1	bac_1
370INC2	bac_1
371INC	bac_5_et_plus
JeanZay	bac_1
ChanoineMichelQuartier	bac_5_et_plus
403PERS	bac_1
447INC	bac_5_et_plus
453LOC	bac_5_et_plus
461PERSFIE	bac_1
homme	bac_1
503LOC1	bac_5_et_plus
504CONF	bac_5_et_plus
505CONF	bac_1
520ENQ2	bac_1
551ENQ1	
554LOC3	bac_1
603INC	bac_5_et_plus
662LOC	bac_5_et_plus
705ASOC	bac_1
708ASOC	bac_1
712ASOC	bac_5_et_plus
752FIE	bac_1
752INC	bac_5_et_plus
149INC	bac_1
standardiste	bac_5_et_plus
274LOC2	bac_1
294ENF2	bac_5_et_plus
294ENF3	bac_5_et_plus
370INC3	bac_1
370INC4	bac_5_et_plus
JeanZay2	bac_1
JeanZay3	bac_1
chercheuse	bac_5_et_plus
453INC	bac_1
551LOC1	bac_5_et_plus
662INC	bac_5_et_plus
274LOC3	bac_1
294ENF4	bac_1
294ENF5	bac_5_et_plus
403INC	bac_1
NV558SOE	bac_5_et_plus
294ENF6	bac_1
294ENF7	bac_5_et_plus
294ENF8	bac_1
294ENF9	bac_5_et_plus
294ENF10	bac_5_et_plus
294ENF11	bac_1
551LOC2	bac_5_et_plus
294ENF12	bac_5_et_plus
294ENF13	bac_1
551LOC4	bac_5_et_plus
294ENF14	bac_1
294ENF	bac_1
551LOC5	bac_5_et_plus
551ENQ2	bac_5_et_plus
551INC1	bac_1
551INC2	bac_5_et_plus
DA740FEM	bac_1
femme1	bac_5_et_plus
503CONF	bac_1
504LOC1	bac_5_et_plus
505LOC1	bac_1
520LOC1	bac_5_et_plus
554LOC2	bac_5_et_plus
063INC	bac_1
JO304FIE2	bac_1
JX318FIL	bac_5_et_plus
KE383FEM	bac_1
JO304FIE	bac_5_et_plus
JO304FIE3	bac_1
448PERS1	
462INC	bac_1
homme1	bac_5_et_plus
503LOC2	bac_1
503LOC3	bac_5_et_plus
504LOC2	bac_1
505LOC2	bac_5_et_plus
520ENQ1	bac_5_et_plus
554LOC4	bac_1
554LOC5	bac_5_et_plus
701ASOC	bac_1
702ASOC	bac_5_et_plus
703ASOC	bac_5_et_plus
704ASOC	bac_1
709ASOC	bac_5_et_plus
743ASOC	bac_1
462INC2	bac_5_et_plus
femme2	bac_1
503LOC4	bac_1
503LOC5	bac_1
504LOC3	bac_5_et_plus
505LOC3	bac_1
520LOC2	bac_5_et_plus
554LOC6	bac_5_et_plus
554LOC7	bac_1
707ASOC	bac_5_et_plus
713ASOC	bac_1
RF126SOE	bac_1
femme3	bac_5_et_plus
503LOC6	bac_1
503LOC7	bac_5_et_plus
504LOC4	bac_1
505LOC4	bac_1
554LOC8	bac_5_et_plus
554LOC9	bac_1
femme4	bac_5_et_plus
503LOC8	bac_1
503LOC9	bac_5_et_plus
504LOC5	bac_1
505LOC5	bac_5_et_plus
554LOC10	bac_1
554LOC1	bac_5_et_plus
femme5	bac_1
503LOC10	bac_1
503LOC11	bac_5_et_plus
504LOC6	bac_1
505LOC6	bac_5_et_plus
femme6	bac_1
503LOC12	bac_5_et_plus
504LOC7	bac_1
505LOC7	bac_5_et_plus
femme7	bac_1
504LOC8	bac_1
505LOC8	bac_1
femme8	bac_5_et_plus
504LOC9	bac_5_et_plus
505LOC9	bac_5_et_plus
femme9	bac_1
504LOC10	bac_5_et_plus
505LOC10	bac_1
femme10	bac_5_et_plus
504LOC11	bac_1
505LOC11	bac_5_et_plus
femme11	bac_1
504LOC12	bac_5_et_plus
505LOC12	bac_5_et_plus
femme12	bac_1
504LOC13	bac_5_et_plus
505LOC13	bac_5_et_plus
femme13	bac_1
504LOC14	bac_5_et_plus
505LOC14	bac_1
homme2	bac_1
504LOC15	bac_5_et_plus
505LOC15	bac_1
femme14	bac_5_et_plus
504LOC16	bac_5_et_plus
505LOC16	bac_1
femme15	bac_1
504LOC17	bac_1
505LOC17	bac_5_et_plus
femme16	bac_1
504LOC18	bac_1
témoin18	bac_1
femme17	bac_1
504LOC19	bac_5_et_plus
505LOC19	bac_5_et_plus
femme18	bac_5_et_plus
504LOC20	bac_1
505LOC20	bac_1
femme19	bac_5_et_plus
504LOC21	bac_1
505LOC21	bac_5_et_plus
femme20	bac_5_et_plus
504LOC22	bac_1
505LOC22	bac_5_et_plus
femme21	bac_1
504LOC23	bac_5_et_plus
505LOC23	bac_1
femme22	bac_5_et_plus
504LOC24	bac_1
505LOC24	bac_5_et_plus
femme23	bac_1
505LOC25	bac_1
femme24	bac_1
505LOC26	bac_5_et_plus
femme25	bac_1
505LOC27	bac_5_et_plus
femme26	bac_5_et_plus
505LOC28	bac_1
homme3	bac_5_et_plus
505LOC29	bac_5_et_plus
femme27	bac_5_et_plus
505LOC30	bac_1
femme28	bac_5_et_plus
505LOC31	bac_1
femme29	bac_5_et_plus
505LOC32	bac_5_et_plus
homme4	bac_1
505LOC33	bac_5_et_plus
femme30	bac_1
505LOC34	bac_5_et_plus
femme31	
505LOC35	bac_1
femme32	bac_1
505LOC36	
femme33	bac_5_et_plus
505LOC37	bac_5_et_plus
femme34	bac_1
505LOC38	bac_5_et_plus
femme35	bac_1
505LOC39	bac_5_et_plus
homme5	bac_1
505LOC40	bac_5_et_plus
femme36	bac_1
505LOC41	bac_5_et_plus
RL437	
RL437FIE	
femme37	bac_1
505LOC42	bac_5_et_plus
femme38	bac_5_et_plus
505LOC43	bac_1
homme6	bac_5_et_plus
505LOC44	bac_5_et_plus
femme39	bac_1
505LOC45	bac_5_et_plus
homme7	
505LOC46	bac_1
homme8	bac_1
505LOC47	bac_5_et_plus
femme40	bac_5_et_plus
505LOC48	bac_5_et_plus
homme9	bac_5_et_plus
505LOC49	bac_1
femme41	bac_5_et_plus
505LOC50	bac_5_et_plus
femme42	bac_1
505LOC51	bac_5_et_plus
femme43	bac_1
505LOC52	bac_1
femme44	bac_5_et_plus
505LOC53	bac_1
femme45	bac_5_et_plus
505LOC18	bac_1
femme46	bac_5_et_plus
505LOC54	bac_1
femme47	bac_5_et_plus
505LOC55	bac_1
femme48	bac_5_et_plus
505LOC56	bac_1
homme10	bac_5_et_plus
505LOC57	bac_1
homme11	bac_1
homme12	bac_5_et_plus
femme49	bac_5_et_plus
femme50	bac_1
femme51	bac_5_et_plus
ZD198	bac_1
ZP063	bac_5_et_plus
HD735	bac_1
femme52	bac_5_et_plus
CZ903	bac_5_et_plus
CZ903FEM	bac_5_et_plus
CZ903FIE	bac_1
SF018	bac_5_et_plus
MX953	bac_5_et_plus
MX953FEM	bac_5_et_plus
MX953FIE1	bac_5_et_plus
MX953FIE2	bac_1
MF363	bac_1
HV753	bac_1
RN488	bac_5_et_plus
femme53	bac_1
70LOCFIL	bac_5_et_plus
femme54	bac_1
ENT_57INC	bac_5_et_plus
MC59FEM	bac_1
ENT_59INC	bac_5_et_plus
femme55	bac_5_et_plus
femme56	bac_1
AG68FIE	bac_5_et_plus
femme57	bac_1
femme58	bac_1
femme59	bac_5_et_plus
femme60	bac_5_et_plus
femme61	bac_5_et_plus
femme62	bac_1
femme63	bac_5_et_plus
femme64	bac_5_et_plus
femme65	bac_5_et_plus
femme66	bac_1
femme67	bac_5_et_plus
JZ678	bac_1
RJ928	bac_1
WN379	bac_5_et_plus
NC194	bac_1
NH739	bac_5_et_plus
TL271	bac_1
SM268	bac_5_et_plus
HP136	bac_1
NM135	bac_5_et_plus
ZJ679	bac_5_et_plus
SF781	bac_1
MP760	bac_5_et_plus
CB227	bac_1
VK250	bac_5_et_plus
PM256	bac_1
SR853	bac_5_et_plus
TS788	bac_1
ST262	bac_5_et_plus
NT657	bac_1
CL268	bac_5_et_plus
VN083	bac_1
KM591	bac_5_et_plus
ZS505	bac_5_et_plus
HG486	bac_1
WD670	bac_5_et_plus
CF242	bac_5_et_plus
VC400	bac_1
HC469	bac_5_et_plus
TB182	bac_1
WQ227	bac_1
QF775	bac_5_et_plus
FF809	bac_5_et_plus
KB025	bac_5_et_plus
WV038	bac_1
JX144	bac_1
XF233	bac_1
CC150	bac_5_et_plus
NP069	bac_1
CR643	bac_1
MZ146	bac_5_et_plus
MM306	bac_5_et_plus
NC613	bac_1
RK330	bac_1
XR983	bac_5_et_plus
XQ753	bac_5_et_plus
HW014	bac_1
FD720	bac_5_et_plus
NS613	bac_5_et_plus
PV817	bac_1
MX601	bac_1
CK483	bac_1
KG716	bac_5_et_plus
BT590	bac_1
FN730	bac_5_et_plus
VN607	bac_5_et_plus
DL922	bac_1
QB839	
RN247	bac_5_et_plus
MH315	bac_1
 commerçants et chefs d'entreprise	bac_1
 commerçants et chefs d'entreprise	bac_5_et_plus
SL653	bac_1
MF615	bac_1
XZ152	
MG384	bac_5_et_plus
WR226	bac_5_et_plus
DV087	bac_1
RB244	bac_5_et_plus
JK217	bac_1
RT957	bac_5_et_plus
NZ705	bac_1
XS464	bac_5_et_plus
CR739	bac_5_et_plus
LT447	bac_1
SL696	bac_1
KH427	bac_1
KH427FIL	bac_5_et_plus
BB829	bac_5_et_plus
XL229	bac_1
 commerçants et chefs d'entreprise	bac_1
LF686	bac_5_et_plus
TV450	bac_1
MR363	bac_1
TK681	bac_5_et_plus
RF640	bac_1
MJ748	bac_5_et_plus
QQ411	bac_1
QQ411FEM	bac_1
RB054	bac_5_et_plus
ZG645	bac_1
PS642	bac_5_et_plus
PN050	bac_5_et_plus
JX490	bac_1
LP948	bac_5_et_plus
WG305	bac_1
FB199	bac_5_et_plus
SH625	bac_1
VJ757	bac_5_et_plus
VL664	bac_1
QG029	bac_5_et_plus
QC526	bac_5_et_plus
GL894	bac_5_et_plus
JZ990	bac_5_et_plus
JZ990INC	bac_1
TR860	bac_5_et_plus
KB589	bac_5_et_plus
XL852	bac_1
VS126	bac_1
NF384	bac_5_et_plus
ZK010	bac_1
FN218	bac_1
PF598	bac_5_et_plus
NM879	bac_1
GD202	bac_5_et_plus
XR196	bac_1
QM631	bac_5_et_plus
ND853	bac_1
ZS562	bac_5_et_plus
LC956	bac_1
MR449	bac_1
LR132	bac_5_et_plus
MS592	bac_5_et_plus
TT848	bac_5_et_plus
TT848INC	bac_5_et_plus
DD347	bac_1
JZ724	bac_5_et_plus
RC796	bac_1
HS757	bac_5_et_plus
TS194	bac_1
XS952	bac_1
XS952INC	bac_5_et_plus
JX622	bac_1
XL615MAR	bac_5_et_plus
XL615SOE	bac_1
QX276	bac_5_et_plus
BL828	bac_1
RM136	bac_1
HV440	bac_5_et_plus
TK473	bac_1
HV440FIE	bac_5_et_plus
HZ912	bac_1
VP283	bac_5_et_plus
HS609	bac_1
TS894	bac_5_et_plus
LF422	bac_5_et_plus
FT070	bac_1
ZZ876	bac_5_et_plus
KF467	bac_1
DT708	bac_5_et_plus
FH253	bac_5_et_plus
JZ001	bac_1
CW903	bac_5_et_plus
GX031	bac_1
GM125	bac_5_et_plus
CN364	bac_5_et_plus
LC489	bac_1
SP597	bac_1
LK378	bac_5_et_plus
VF480	bac_1
DV578	bac_5_et_plus
DV578MAR	bac_1
PW474	bac_1
NX422	bac_5_et_plus
MK912	bac_1
NW940	bac_1
GD954	bac_5_et_plus
LG356	bac_1
CH578	bac_1
FF870	bac_5_et_plus
GJ996	bac_1
SS109	bac_5_et_plus
CC701	bac_5_et_plus
CC701MAR	bac_1
HJ330	bac_1
FF856	bac_1
TB983	bac_5_et_plus
DQ868	bac_1
XZ005	bac_1
WG519	bac_5_et_plus
SW880	bac_1
TR268	bac_5_et_plus
XJ946	bac_1
XJ946MAR	bac_5_et_plus
CH057	bac_1
BQ750	bac_5_et_plus
RM256	bac_5_et_plus
JR232	bac_5_et_plus
RX607	bac_1
CL651	bac_5_et_plus
ZQ009	bac_1
XZ056	bac_5_et_plus
GS417	bac_5_et_plus
XQ811	bac_1
 commerçants et chefs d'entreprise	bac_5_et_plus
ZZ031	bac_5_et_plus
QK552	bac_1
GX092	bac_1
HF528	bac_5_et_plus
RC036	bac_1
PN744	bac_5_et_plus
XC963	bac_1
BB418	bac_1
DN672	bac_5_et_plus
BH071	bac_1
FN762	bac_5_et_plus
FX243	bac_1
JX980	bac_5_et_plus
DJ659	bac_1
PR182	bac_1
TH386	bac_5_et_plus
LX340	bac_5_et_plus
HL565	bac_1
RN872	bac_5_et_plus
DL254	bac_5_et_plus
QG163	bac_1
TM387	bac_1
WK960	bac_5_et_plus
NH499	bac_1
MJ079	bac_1
MG839	bac_5_et_plus
FT715	bac_1
PQ532	bac_5_et_plus
RR581	bac_5_et_plus
HV826	bac_5_et_plus
JQ956	bac_1
ZM869	bac_5_et_plus
 commerçants et chefs d'entreprise	bac_1
SC665	bac_5_et_plus
CD322	bac_1
CD322FEM	bac_1
KG878	bac_5_et_plus
FX965	bac_5_et_plus
CV451	bac_1
CV451MAR	bac_5_et_plus
VL745	bac_5_et_plus
PR503	bac_5_et_plus
BL932	bac_1
ZX376	bac_5_et_plus
QW371	bac_1
MH473	bac_5_et_plus
DJ39_DIA	bac_1
QB100_DIA	bac_5_et_plus
QB100_DIAFIE	bac_5_et_plus
CF4_DIA	bac_1
PY94_DIA	bac_5_et_plus
RF211_DIA	
DIA_1225INC	bac_5_et_plus
YR399_DIA	bac_5_et_plus
YR399_DIAFEM	bac_1
YT387_DIA	bac_1
GF429	bac_1
WR641	bac_5_et_plus
BQ576	bac_5_et_plus
ZL473	bac_1
MM428	bac_5_et_plus
WX414	bac_5_et_plus
WZ853	bac_1
CC423	bac_5_et_plus
ZZ431	bac_5_et_plus
WT646	bac_1
DC528	bac_5_et_plus
WT075	bac_1
SGrouard	bac_5_et_plus
JPSueur	bac_1
JLBernard	bac_1
CBruneau	bac_5_et_plus
BGratuze	bac_1
ZV124	bac_5_et_plus
JGuarrigues	bac_5_et_plus
SG486	
MB834	bac_1
PF932	bac_5_et_plus
FL331	bac_1
JF316	bac_5_et_plus
ZR652	bac_5_et_plus
FLegouy	bac_1
VD276	bac_5_et_plus
ND454	bac_1
MP087	bac_5_et_plus
RH091	bac_1
CPelage	bac_5_et_plus
MEymar	bac_5_et_plus
BQ315	bac_5_et_plus
KX427	bac_1
ch_MS12	bac_1
RN488FRE	bac_1
GX785	bac_5_et_plus
TC671	
NR390AMIE	
CW440	bac_1
RT705	bac_5_et_plus
NG318	bac_1
PX866	bac_5_et_plus
KN446	bac_1
PROF_Mrs Spencer	bac_5_et_plus
ELEV_CM2_Maxence	bac_1
ELEV_CM2_Léo	bac_5_et_plus
AVS_CM2	bac_5_et_plus
PROF_Philippe	bac_1
ELEV_CM2_Loïs	bac_1
ELEV_CM2_Lisa	bac_1
ELEV_CM2_Samuel	bac_5_et_plus
ELEV_CM2_Thomas	bac_1
ELEV_CM2	bac_5_et_plus
WZ384	bac_5_et_plus
WZ384MAR	bac_5_et_plus
WZ384FIE	bac_1
WZ384FIL	bac_5_et_plus
JW992	bac_1
JW992MAR	bac_5_et_plus
VJ115	bac_1
JW992PFIL1	bac_1
JW992PFIL2	bac_1
DS952	bac_5_et_plus
DS952SOE	bac_5_et_plus
DS952MER	bac_5_et_plus
CT763	bac_1
CT763FIE	bac_5_et_plus
CT763FIL	bac_1
CT418	bac_5_et_plus
CT418SOE	
CT418BBSIT	bac_5_et_plus
CT418PER	bac_5_et_plus
ML666	bac_1
ML666AMI	bac_5_et_plus
BV647	bac_5_et_plus
RN166	bac_1
DR381	bac_5_et_plus
MQ293	bac_1
KR001	bac_5_et_plus
NW958	bac_5_et_plus
PC261	bac_1
ZD520	bac_5_et_plus
KX664	bac_5_et_plus
ZV069	bac_1
WM950	bac_5_et_plus
GJ845MER	bac_5_et_plus
GJ845	bac_1
TG634	bac_5_et_plus
TG634FIL2	bac_5_et_plus
TG634FIL1	bac_1
TG634FIE	bac_5_et_plus
LD386FIE	bac_5_et_plus
LD386FEM	bac_1
NS571MAR	bac_5_et_plus
711ASOC	bac_1
317STAN2	bac_5_et_plus
317STAN3	bac_5_et_plus
317STAN1	bac_1
346STAN	bac_5_et_plus
350STAN	bac_5_et_plus
XW000	bac_5_et_plus
RZ042	bac_5_et_plus
NV558MER	bac_1
NV558PER	bac_5_et_plus
PF437	bac_1
FG719	bac_5_et_plus
DC040	bac_1
MH568	bac_5_et_plus
LG632	bac_1
KP488	bac_5_et_plus
FH449	bac_5_et_plus
FH449MER	bac_5_et_plus
FH449PER	bac_5_et_plus
FH449FRE1	bac_1
FH449FRE2	bac_1
GG675	bac_5_et_plus
GG675PER	bac_5_et_plus
GG675MER	bac_1
LD860	bac_5_et_plus
LD860MER	bac_5_et_plus
LD860FRE2	bac_1
LD860FRE1	bac_5_et_plus
LD860SOE	bac_5_et_plus
725ASOC	bac_1
BB302	bac_5_et_plus
RF126	bac_5_et_plus
KG276	bac_1
096LOC	bac_5_et_plus
450PERSFEM	bac_1
450INC	bac_5_et_plus
450PERSAMIE	bac_5_et_plus
086LOC1?086LOC2	bac_1
JO304?086LOC1	bac_5_et_plus
