cmr-88milsms-p405	cap_bep
cmr-88milsms-p97	cap_bep
cmr-88milsms-p59	cap_bep
cmr-88milsms-p160	cap_bep
cmr-88milsms-p309	cap_bep
cmr-88milsms-p145	cap_bep
cmr-88milsms-p233	cap_bep
cmr-88milsms-p470	cap_bep
cmr-88milsms-p315	cap_bep
cmr-88milsms-p10	cap_bep
cmr-88milsms-p120	cap_bep
cmr-88milsms-p469	cap_bep
cmr-88milsms-p345	cap_bep
cmr-88milsms-p271	college
cmr-88milsms-p81	college
cmr-88milsms-p261	college
cmr-88milsms-p50	college
cmr-88milsms-p307	college
cmr-88milsms-p165	college
cmr-88milsms-p192	college
cmr-88milsms-p490	college
cmr-88milsms-p337	lycee
cmr-88milsms-p364	lycee
cmr-88milsms-p306	lycee
cmr-88milsms-p18	lycee
cmr-88milsms-p316	lycee
cmr-88milsms-p293	lycee
cmr-88milsms-p91	lycee
cmr-88milsms-p418	lycee
cmr-88milsms-p105	lycee
cmr-88milsms-p377	lycee
cmr-88milsms-p148	lycee
cmr-88milsms-p39	lycee
cmr-88milsms-p42	lycee
cmr-88milsms-p41	lycee
cmr-88milsms-p150	lycee
cmr-88milsms-p262	lycee
cmr-88milsms-p32	lycee
cmr-88milsms-p349	lycee
cmr-88milsms-p24	primaire
cmr-88milsms-p465	bac
cmr-88milsms-p132	bac
cmr-88milsms-p234	bac
cmr-88milsms-p341	bac
cmr-88milsms-p172	bac
cmr-88milsms-p320	bac
cmr-88milsms-p428	bac
cmr-88milsms-p198	bac
cmr-88milsms-p388	bac
cmr-88milsms-p251	bac
cmr-88milsms-p336	bac
cmr-88milsms-p394	bac
cmr-88milsms-p437	bac_1
cmr-88milsms-p102	bac_1
cmr-88milsms-p446	bac_1
cmr-88milsms-p89	bac_1
cmr-88milsms-p204	bac_2
cmr-88milsms-p299	bac_2
cmr-88milsms-p396	bac_2
cmr-88milsms-p17	bac_2
cmr-88milsms-p180	bac_2
cmr-88milsms-p25	bac_2
cmr-88milsms-p380	bac_2
cmr-88milsms-p385	bac_2
cmr-88milsms-p285	bac_2
cmr-88milsms-p360	bac_2
cmr-88milsms-p151	bac_2
cmr-88milsms-p452	bac_2
cmr-88milsms-p370	bac_2
cmr-88milsms-p70	bac_2
cmr-88milsms-p13	bac_2
cmr-88milsms-p110	bac_2
cmr-88milsms-p289	bac_2
cmr-88milsms-p409	bac_2
cmr-88milsms-p407	bac_2
cmr-88milsms-p225	bac_2
cmr-88milsms-p457	bac_2
cmr-88milsms-p74	bac_2
cmr-88milsms-p60	bac_2
cmr-88milsms-p371	bac_2
cmr-88milsms-p30	bac_2
cmr-88milsms-p196	bac_2
cmr-88milsms-p410	bac_2
cmr-88milsms-p463	bac_2
cmr-88milsms-p492	bac_2
cmr-88milsms-p472	bac_2
cmr-88milsms-p96	bac_2
cmr-88milsms-p291	bac_2
cmr-88milsms-p82	bac_2
cmr-88milsms-p283	bac_2
cmr-88milsms-p29	bac_3
cmr-88milsms-p183	bac_3
cmr-88milsms-p478	bac_3
cmr-88milsms-p412	bac_3
cmr-88milsms-p414	bac_3
cmr-88milsms-p36	bac_3
cmr-88milsms-p253	bac_3
cmr-88milsms-p392	bac_3
cmr-88milsms-p227	bac_3
cmr-88milsms-p432	bac_3
cmr-88milsms-p453	bac_3
cmr-88milsms-p58	bac_3
cmr-88milsms-p442	bac_3
cmr-88milsms-p292	bac_3
cmr-88milsms-p154	bac_3
cmr-88milsms-p62	bac_3
cmr-88milsms-p473	bac_3
cmr-88milsms-p346	bac_3
cmr-88milsms-p344	bac_4
cmr-88milsms-p137	bac_4
cmr-88milsms-p109	bac_4
cmr-88milsms-p213	bac_4
cmr-88milsms-p55	bac_4
cmr-88milsms-p87	bac_4
cmr-88milsms-p147	bac_4
cmr-88milsms-p263	bac_4
cmr-88milsms-p308	bac_4
cmr-88milsms-p270	bac_4
cmr-88milsms-p450	bac_4
cmr-88milsms-p80	bac_4
cmr-88milsms-p118	bac_4
cmr-88milsms-p397	bac_4
cmr-88milsms-p95	bac_4
cmr-88milsms-p459	bac_4
cmr-88milsms-p424	bac_4
cmr-88milsms-p121	bac_4
cmr-88milsms-p423	bac_4
cmr-88milsms-p295	bac_5
cmr-88milsms-p51	bac_5
cmr-88milsms-p338	bac_5
cmr-88milsms-p363	bac_5
cmr-88milsms-p63	bac_5
cmr-88milsms-p441	bac_5
cmr-88milsms-p387	bac_5
cmr-88milsms-p430	bac_5
cmr-88milsms-p72	bac_5
cmr-88milsms-p356	bac_5
cmr-88milsms-p211	bac_5
cmr-88milsms-p462	bac_5
cmr-88milsms-p287	bac_5
cmr-88milsms-p138	bac_5
cmr-88milsms-p40	bac_5
cmr-88milsms-p304	bac_5
cmr-88milsms-p100	bac_5
cmr-88milsms-p294	bac_5
cmr-88milsms-p354	bac_5
cmr-88milsms-p288	bac_5
cmr-88milsms-p83	bac_5
cmr-88milsms-p179	bac_5
cmr-88milsms-p37	bac_5
cmr-88milsms-p125	bac_5
cmr-88milsms-p506	bac_5
cmr-88milsms-p178	bac_5
cmr-88milsms-p139	bac_5
cmr-88milsms-p415	bac_5
cmr-88milsms-p487	bac_5
cmr-88milsms-p168	bac_5
cmr-88milsms-p155	bac_5
cmr-88milsms-p427	bac_5
cmr-88milsms-p479	bac_8
cmr-88milsms-p284	bac_8
cmr-88milsms-p163	bac_8
cmr-88milsms-p286	bac_8
cmr-88milsms-p122	bac_8
cmr-88milsms-p190	bac_8
cmr-88milsms-p449	bac_8
cmr-88milsms-p260	bac_8
cmr-88milsms-p231	bac_8
cmr-88milsms-p112	bac_8
cmr-88milsms-p401	college
cmr-88milsms-p290	college
cmr-88milsms-p408	college
cmr-88milsms-p127	college
cmr-88milsms-p161	college
cmr-88milsms-p238	college
cmr-88milsms-p497	college
cmr-88milsms-p229	college
cmr-88milsms-p237	college
cmr-88milsms-p119	college
cmr-88milsms-p35	college
cmr-88milsms-p373	college
cmr-88milsms-p208	college
cmr-88milsms-p184	college
cmr-88milsms-p75	college
cmr-88milsms-p126	college
cmr-88milsms-p239	college
cmr-88milsms-p57	college
cmr-88milsms-p467	college
cmr-88milsms-p448	college
cmr-88milsms-p8	college
cmr-88milsms-p23	college
cmr-88milsms-p272	college
cmr-88milsms-p250	college
cmr-88milsms-p400	college
cmr-88milsms-p375	college
cmr-88milsms-p326	college
cmr-88milsms-p461	college
cmr-88milsms-p164	college
cmr-88milsms-p335	college
cmr-88milsms-p129	college
cmr-88milsms-p79	college
cmr-88milsms-p44	college
cmr-88milsms-p503	college
cmr-88milsms-p143	college
cmr-88milsms-p257	college
cmr-88milsms-p313	lycee
cmr-88milsms-p240	lycee
cmr-88milsms-p166	lycee
cmr-88milsms-p281	lycee
cmr-88milsms-p252	lycee
cmr-88milsms-p21	lycee
cmr-88milsms-p15	lycee
cmr-88milsms-p333	lycee
cmr-88milsms-p170	lycee
cmr-88milsms-p471	lycee
cmr-88milsms-p348	lycee
cmr-88milsms-p277	lycee
cmr-88milsms-p454	lycee
cmr-88milsms-p218	lycee
cmr-88milsms-p390	lycee
cmr-88milsms-p279	lycee
cmr-88milsms-p443	lycee
cmr-88milsms-p264	lycee
cmr-88milsms-p194	lycee
cmr-88milsms-p206	lycee
cmr-88milsms-p108	lycee
cmr-88milsms-p327	lycee
cmr-88milsms-p317	lycee
cmr-88milsms-p249	lycee
cmr-88milsms-p45	lycee
cmr-88milsms-p9	lycee
cmr-88milsms-p389	lycee
cmr-88milsms-p395	lycee
cmr-88milsms-p7	lycee
cmr-88milsms-p431	lycee
cmr-88milsms-p195	lycee
cmr-88milsms-p447	lycee
cmr-88milsms-p384	lycee
cmr-88milsms-p489	lycee
cmr-88milsms-p215	lycee
cmr-88milsms-p214	lycee
cmr-88milsms-p191	lycee
cmr-88milsms-p77	lycee
cmr-88milsms-p111	lycee
cmr-88milsms-p235	lycee
cmr-88milsms-p202	lycee
cmr-88milsms-p399	lycee
cmr-88milsms-p296	lycee
cmr-88milsms-p411	lycee
cmr-88milsms-p149	lycee
cmr-88milsms-p425	lycee
cmr-88milsms-p11	lycee
cmr-88milsms-p438	lycee
cmr-88milsms-p274	lycee
cmr-88milsms-p350	lycee
cmr-88milsms-p282	lycee
cmr-88milsms-p68	lycee
cmr-88milsms-p157	lycee
cmr-88milsms-p481	lycee
cmr-88milsms-p334	lycee
cmr-88milsms-p152	lycee
cmr-88milsms-p451	lycee
cmr-88milsms-p90	lycee
cmr-88milsms-p193	lycee
cmr-88milsms-p362	lycee
cmr-88milsms-p298	lycee
cmr-88milsms-p256	lycee
cmr-88milsms-p266	bac
cmr-88milsms-p369	bac
cmr-88milsms-p311	bac
cmr-88milsms-p12	bac
cmr-88milsms-p101	bac
cmr-88milsms-p330	bac
cmr-88milsms-p20	bac
cmr-88milsms-p243	bac
cmr-88milsms-p482	bac
cmr-88milsms-p46	bac
cmr-88milsms-p508	bac
cmr-88milsms-p324	bac
cmr-88milsms-p244	bac
cmr-88milsms-p84	bac
cmr-88milsms-p207	bac
cmr-88milsms-p69	bac
cmr-88milsms-p106	bac
cmr-88milsms-p491	bac
cmr-88milsms-p339	bac
cmr-88milsms-p216	bac
cmr-88milsms-p485	bac
cmr-88milsms-p31	bac
cmr-88milsms-p420	bac
cmr-88milsms-p85	bac
cmr-88milsms-p464	bac
cmr-88milsms-p54	bac
cmr-88milsms-p416	bac_1
cmr-88milsms-p325	bac_1
cmr-88milsms-p226	bac_1
cmr-88milsms-p171	bac_1
cmr-88milsms-p19	bac_1
cmr-88milsms-p47	bac_1
cmr-88milsms-p230	bac_1
cmr-88milsms-p480	bac_1
cmr-88milsms-p477	bac_1
cmr-88milsms-p343	bac_1
cmr-88milsms-p475	bac_1
cmr-88milsms-p439	bac_1
cmr-88milsms-p116	bac_1
cmr-88milsms-p188	bac_1
cmr-88milsms-p265	bac_1
cmr-88milsms-p169	bac_1
cmr-88milsms-p61	bac_1
cmr-88milsms-p33	bac_1
cmr-88milsms-p144	bac_1
cmr-88milsms-p34	bac_1
cmr-88milsms-p365	bac_1
cmr-88milsms-p217	bac_1
cmr-88milsms-p247	bac_1
cmr-88milsms-p444	bac_1
cmr-88milsms-p474	bac_2
cmr-88milsms-p275	bac_2
cmr-88milsms-p504	bac_2
cmr-88milsms-p43	bac_2
cmr-88milsms-p94	bac_2
cmr-88milsms-p177	bac_2
cmr-88milsms-p254	bac_2
cmr-88milsms-p88	bac_2
cmr-88milsms-p197	bac_2
cmr-88milsms-p162	bac_2
cmr-88milsms-p406	bac_2
cmr-88milsms-p355	bac_2
cmr-88milsms-p382	bac_2
cmr-88milsms-p417	bac_2
cmr-88milsms-p433	bac_2
cmr-88milsms-p368	bac_2
cmr-88milsms-p488	bac_2
cmr-88milsms-p259	bac_2
cmr-88milsms-p505	bac_2
cmr-88milsms-p141	bac_2
cmr-88milsms-p67	bac_2
cmr-88milsms-p201	bac_2
cmr-88milsms-p93	bac_2
cmr-88milsms-p200	bac_2
cmr-88milsms-p347	bac_2
cmr-88milsms-p460	bac_2
cmr-88milsms-p312	bac_2
cmr-88milsms-p351	bac_2
cmr-88milsms-p181	bac_2
cmr-88milsms-p378	bac_2
cmr-88milsms-p302	bac_2
cmr-88milsms-p185	bac_3
cmr-88milsms-p310	bac_3
cmr-88milsms-p2	bac_3
cmr-88milsms-p176	bac_3
cmr-88milsms-p353	bac_3
cmr-88milsms-p426	bac_3
cmr-88milsms-p332	bac_3
cmr-88milsms-p374	bac_3
cmr-88milsms-p359	bac_3
cmr-88milsms-p146	bac_3
cmr-88milsms-p379	bac_3
cmr-88milsms-p92	bac_3
cmr-88milsms-p131	bac_3
cmr-88milsms-p440	bac_3
cmr-88milsms-p376	bac_3
cmr-88milsms-p403	bac_3
cmr-88milsms-p28	bac_3
cmr-88milsms-p99	bac_3
cmr-88milsms-p255	bac_3
cmr-88milsms-p429	bac_3
cmr-88milsms-p367	bac_3
cmr-88milsms-p134	bac_3
cmr-88milsms-p6	bac_4
cmr-88milsms-p140	bac_4
cmr-88milsms-p22	bac_4
cmr-88milsms-p476	bac_4
cmr-88milsms-p221	bac_4
cmr-88milsms-p422	bac_4
cmr-88milsms-p16	bac_4
cmr-88milsms-p156	bac_4
cmr-88milsms-p107	bac_4
cmr-88milsms-p115	bac_4
cmr-88milsms-p323	bac_4
cmr-88milsms-p182	bac_4
cmr-88milsms-p224	bac_4
cmr-88milsms-p124	bac_4
cmr-88milsms-p305	bac_4
cmr-88milsms-p128	bac_4
cmr-88milsms-p219	bac_4
cmr-88milsms-p153	bac_4
cmr-88milsms-p64	bac_4
cmr-88milsms-p86	bac_4
cmr-88milsms-p398	bac_5
cmr-88milsms-p123	bac_5
cmr-88milsms-p189	bac_5
cmr-88milsms-p507	bac_5
cmr-88milsms-p357	bac_5
cmr-88milsms-p203	bac_5
cmr-88milsms-p241	bac_5
cmr-88milsms-p245	bac_5
cmr-88milsms-p456	bac_5
cmr-88milsms-p404	bac_5
cmr-88milsms-p48	bac_5
cmr-88milsms-p493	bac_5
cmr-88milsms-p386	bac_5
cmr-88milsms-p434	bac_8
